{"prefix": {"roocs": "urn:roocs:", "provone": "http://purl.dataone.org/provone/2015/01/15/ontology#", "dcterms": "http://purl.org/dc/terms/"}, "agent": {"roocs:C3S_CDS": {"prov:type": {"$": "prov:Organization", "type": "prov:QUALIFIED_NAME"}, "prov:label": "Copernicus Climate Data Store", "dcterms:source": "https://cds.climate.copernicus.eu"}, "roocs:Provider": {"prov:type": {"$": "prov:Agent", "type": "prov:QUALIFIED_NAME"}, "prov:label": "Provider", "dcterms:source": "Rook"}, "roocs:rook_v0.15.0": {"prov:type": {"$": "prov:SoftwareAgent", "type": "prov:QUALIFIED_NAME"}, "prov:label": "Rook", "dcterms:source": "https://github.com/roocs/rook/releases/tag/v0.15.0"}, "roocs:clisops_v0.12.2": {"prov:type": {"$": "prov:SoftwareAgent", "type": "prov:QUALIFIED_NAME"}, "prov:label": "clisops", "dcterms:source": "https://github.com/roocs/clisops/releases/tag/v0.12.2"}}, "wasAttributedTo": {"_:id1": {"prov:entity": "roocs:rook_v0.15.0", "prov:agent": "roocs:C3S_CDS"}, "_:id2": {"prov:entity": "roocs:rook_v0.15.0", "prov:agent": "roocs:Provider"}}, "entity": {"roocs:workflow_90ec5644-1b7d-449e-9704-618f0abcae30": {"prov:type": {"$": "provone:Workflow", "type": "prov:QUALIFIED_NAME"}}, "roocs:c3s-cmip6.ScenarioMIP.MOHC.HadGEM3-GC31-LL.ssp126.r1i1p1f3.Omon.tos.gn.v20200114": {"prov:type": {"$": "provone:Data", "type": "prov:QUALIFIED_NAME"}, "prov:label": "c3s-cmip6.ScenarioMIP.MOHC.HadGEM3-GC31-LL.ssp126.r1i1p1f3.Omon.tos.gn.v20200114"}, "roocs:tos_Omon_HadGEM3-GC31-LL_ssp126_r1i1p1f3_gn_20150116-20491216.nc": {"prov:type": {"$": "provone:Data", "type": "prov:QUALIFIED_NAME"}, "prov:label": "tos_Omon_HadGEM3-GC31-LL_ssp126_r1i1p1f3_gn_20150116-20491216.nc"}}, "activity": {"roocs:orchestrate_90ec5644-1b7d-449e-9704-618f0abcae30": {"prov:type": {"$": "provone:Execution", "type": "prov:QUALIFIED_NAME"}, "prov:label": "orchestrate", "prov:startTime": "2024-12-23T18:06:42", "prov:endTime": "2024-12-23T18:06:43"}, "roocs:subset_tos_1_a5ca9fba-297a-44e3-b551-d8f4bf9b9940": {"prov:type": {"$": "provone:Execution", "type": "prov:QUALIFIED_NAME"}, "prov:label": "subset_tos_1", "roocs:time": "2015/2049", "roocs:time_components": "year:2015,2016,2017,2018,2019,2020,2021,2022,2023,2024,2025,2026,2027,2028,2029,2030,2031,2032,2033,2034,2035,2036,2037,2038,2039,2040,2041,2042,2043,2044,2045,2046,2047,2048,2049", "roocs:area": "20.5,63.3,20.1,63.5", "roocs:apply_fixes": false}}, "wasAssociatedWith": {"_:id3": {"prov:activity": "roocs:orchestrate_90ec5644-1b7d-449e-9704-618f0abcae30", "prov:agent": "roocs:rook_v0.15.0", "prov:plan": "roocs:workflow_90ec5644-1b7d-449e-9704-618f0abcae30"}, "_:id4": {"prov:activity": "roocs:subset_tos_1_a5ca9fba-297a-44e3-b551-d8f4bf9b9940", "prov:agent": "roocs:clisops_v0.12.2", "prov:plan": "roocs:workflow_90ec5644-1b7d-449e-9704-618f0abcae30"}}, "wasDerivedFrom": {"_:id5": {"prov:generatedEntity": "roocs:tos_Omon_HadGEM3-GC31-LL_ssp126_r1i1p1f3_gn_20150116-20491216.nc", "prov:usedEntity": "roocs:c3s-cmip6.ScenarioMIP.MOHC.HadGEM3-GC31-LL.ssp126.r1i1p1f3.Omon.tos.gn.v20200114", "prov:activity": "roocs:subset_tos_1_a5ca9fba-297a-44e3-b551-d8f4bf9b9940"}}}